feature,importance
EXT_SOURCE_MEAN,9.073292893906359
EXT_SOURCE_WEIGHTED,3.1484071433024723
CREDIT_TERM,2.7925603185098007
CREDIT_TERM_SQ,2.709732570002122
EXT_SOURCE_MIN,2.5780097295337447
POS_INSTALMENT_FUTURE_MEAN,2.2909387684129356
CREDIT_GOODS_RATIO,2.057647529806945
DAYS_BIRTH,1.9286037243047494
INS_LATE_RATIO,1.799623057917419
AMT_ANNUITY,1.7564186881209427
POS_MONTHS,1.6047627116144965
CODE_GENDER,1.560364996504418
BUREAU_DEBT_CREDIT_RATIO,1.552106463945894
BUREAU_DAYS_CREDIT_MAX,1.544249894164208
EXT_SOURCE_3_AGE,1.4399006515694484
INS_AMT_PAYMENT_SUM,1.4192117057757203
AMT_GOODS_PRICE,1.3896468517850569
INS_AMT_INSTALMENT_MAX,1.376837601498316
NAME_EDUCATION_TYPE,1.3760714764792634
PREV_CREDIT_APP_RATIO,1.342791455537139
AGE_YEARS,1.314403168463978
DAYS_ID_PUBLISH,1.3141758544360107
PREV_DAYS_DECISION_MIN,1.259824050949367
BUREAU_AMT_CREDIT_MAX,1.2046638510008436
PREV_DAYS_DECISION_MEAN,1.1578571554167933
REGION_POPULATION_RELATIVE,1.1399223742834956
DAYS_LAST_PHONE_CHANGE,1.0548255277489698
EXT_SOURCE_3,1.0205813013576732
AMT_CREDIT,0.9561421047383976
EMPLOYED_RATIO,0.95386678027582
INS_AMT_PAYMENT_MEAN,0.9424987271188735
NAME_FAMILY_STATUS,0.937459209568761
DAYS_REGISTRATION,0.9268346964032487
PREV_REFUSED_RATE,0.9187989407156077
EXT_SOURCE_2_AGE,0.8968436467410907
BUREAU_AMT_CREDIT_SUM,0.8862448677560468
ANNUITY_INCOME_RATIO,0.8829251071275649
EXT_SOURCE_3_SQ,0.8714701520527658
DOCUMENTS_COUNT,0.8705825748482338
BUREAU_DAYS_ENDDATE_MEAN,0.8613009809876657
DAYS_EMPLOYED,0.8453467997249782
TOTAL_DEBT_INCOME_RATIO,0.8447739069238225
PREV_AMT_DOWN_PAYMENT_MEAN,0.843271449637823
FLAG_OWN_CAR,0.8086599776533847
BUREAU_ACTIVE,0.7970083618661932
INS_PAYMENT_DIFF_SUM,0.7957229842978399
BUREAU_DAYS_CREDIT_MIN,0.7844625136150299
PREV_CNT_PAYMENT_MEAN,0.7525856419908332
ORGANIZATION_TYPE,0.7503026692648749
BUREAU_AMT_CREDIT_MEAN,0.7215769155422963
REGION_RATING_CLIENT_W_CITY,0.720568726637935
CREDIT_INCOME_RATIO,0.694262520088853
EXT_SOURCE_MAX,0.6911790339815931
INS_PAYMENT_DIFF_MIN,0.6881179356847519
INS_TOTAL_PAYMENTS,0.645978662751734
INS_PAYMENT_DIFF_MEAN,0.6408420015122746
INCOME_PER_PERSON,0.6308816408549877
AMT_INCOME_TOTAL,0.6136335994255233
BUREAU_DAYS_CREDIT_MEAN,0.5793333983149628
PREV_CNT_PAYMENT_SUM,0.5779759204969755
INS_AMT_INSTALMENT_MEAN,0.5651422760778836
EXT_SOURCE_STD,0.5605746794132254
INS_DAYS_LATE_MEAN,0.5555260469494752
TOTALAREA_MODE,0.5483110937965209
OCCUPATION_TYPE,0.5102232107798655
BUREAU_CREDIT_CURRENT_RATIO,0.5093431710191475
INS_AMT_INSTALMENT_SUM,0.5043863331935247
LOW_EXT_FLAG,0.4872155986160727
FLAG_WORK_PHONE,0.48352420582569205
BUREAU_AMT_DEBT_MEAN,0.4756517882213861
WEEKDAY_APPR_PROCESS_START,0.440001674742879
FLAG_DOCUMENT_3,0.4370002507324733
POS_COUNT,0.4365492397187852
EXT_SOURCE_2,0.43025058434999636
AMT_REQ_CREDIT_BUREAU_QRT,0.42477437851061867
POS_INSTALMENT_MEAN,0.41377429268643534
INS_DAYS_LATE_MAX,0.41276644208614766
POS_DPD_DEF_MAX,0.40540735855991245
PREV_AMT_APPLICATION_MEAN,0.4037429909500207
PREV_AMT_CREDIT_MEAN,0.4035197971740226
TOTAL_DEBT,0.40278495272274545
DEF_60_CNT_SOCIAL_CIRCLE,0.3995656371980862
EMPLOYED_YEARS,0.38700312905515455
BUREAU_ACTIVE_RATIO,0.3829712569236448
INS_COUNT,0.37386825127515116
HOUR_APPR_PROCESS_START,0.35095321764950393
BUREAU_CLOSED,0.33838544117672276
NAME_INCOME_TYPE,0.32049498857310055
INS_PAYMENT_RATIO_MEAN,0.3045690787559578
PREV_AMT_APPLICATION_MAX,0.30390615338131194
EXT_SOURCE_2_SQ,0.29909334984347385
BUREAU_AMT_DEBT_SUM,0.293465249570904
INS_PAYMENT_RATIO_MIN,0.27598208766605103
REG_CITY_NOT_LIVE_CITY,0.2693424386164001
BUREAU_COUNT,0.26890476982952805
NAME_TYPE_SUITE,0.2557258116846382
PREV_AMT_CREDIT_SUM,0.24359998756527104
PREV_APPROVAL_RATE,0.24341758086180307
FLOORSMAX_AVG,0.23653121463881585
OBS_30_CNT_SOCIAL_CIRCLE,0.23578952422677793
PREV_APPROVED,0.23069818246418197
DEF_30_CNT_SOCIAL_CIRCLE,0.22964244647097573
PREV_REFUSED,0.22918058567067096
PREV_AMT_APPLICATION_SUM,0.2272365017883438
INS_PAYMENT_DISCIPLINE,0.22139950310492412
BUREAU_AMT_ANNUITY_SUM,0.20993869779450533
POS_DPD_SUM,0.20705195774048374
YEARS_BEGINEXPLUATATION_MODE,0.19876666237118007
YEARS_BEGINEXPLUATATION_AVG,0.19543123003195295
INS_DAYS_LATE_SUM,0.17539733272559668
NAME_HOUSING_TYPE,0.16870278545446368
PREV_COUNT,0.16690654695085114
YEARS_BEGINEXPLUATATION_MEDI,0.159536200225902
POS_DPD_MAX,0.15522478430655498
NAME_CONTRACT_TYPE,0.1501436664017935
CNT_FAM_MEMBERS,0.1483856542132314
BUREAU_CREDIT_TYPES,0.14495263182968357
AMT_REQ_CREDIT_BUREAU_YEAR,0.11646420382595231
FLAG_PHONE,0.11638560465077517
FLOORSMAX_MODE,0.11618018263962249
INS_LATE_COUNT,0.1126523513196761
OBS_60_CNT_SOCIAL_CIRCLE,0.11071399989198971
AMT_REQ_CREDIT_BUREAU_WEEK,0.10462255041457044
BUREAU_AMT_OVERDUE_SUM,0.10026930398392522
FLOORSMAX_MEDI,0.09942860011601432
POS_DPD_MEAN,0.08598472004262184
AMT_REQ_CREDIT_BUREAU_MON,0.07347330949656171
BUREAU_AMT_OVERDUE_MAX,0.06009896130135104
FLAG_DOCUMENT_13,0.057112440335895735
PREV_CANCELED,0.05611003528967334
AMT_REQ_CREDIT_BUREAU_DAY,0.055225345333167204
REGION_RATING_CLIENT,0.05363104093416212
FLAG_EMAIL,0.05118017284642476
REG_REGION_NOT_LIVE_REGION,0.04730989192179382
BUREAU_CNT_PROLONG,0.042616977400285555
CNT_CHILDREN,0.03853707785941515
FLAG_DOCUMENT_8,0.03651070988392141
FLAG_DOCUMENT_11,0.01935650363314147
FLAG_DOCUMENT_18,0.018673558039184013
REG_CITY_NOT_WORK_CITY,0.015582673063239518
EMERGENCYSTATE_MODE,0.014551883760399259
FLAG_OWN_REALTY,0.011928111933778428
REG_REGION_NOT_WORK_REGION,0.011190068192024293
BUREAU_OVERDUE_RATIO,0.00937243278276554
FLAG_DOCUMENT_16,0.009230078795291745
AMT_REQ_CREDIT_BUREAU_HOUR,0.004088341198598525
LIVE_REGION_NOT_WORK_REGION,0.0
FLAG_EMP_PHONE,0.0
FLAG_CONT_MOBILE,0.0
FLAG_MOBIL,0.0
LIVE_CITY_NOT_WORK_CITY,0.0
FLAG_DOCUMENT_20,0.0
FLAG_DOCUMENT_21,0.0
FLAG_DOCUMENT_12,0.0
FLAG_DOCUMENT_10,0.0
FLAG_DOCUMENT_2,0.0
FLAG_DOCUMENT_4,0.0
FLAG_DOCUMENT_5,0.0
FLAG_DOCUMENT_7,0.0
FLAG_DOCUMENT_9,0.0
FLAG_DOCUMENT_6,0.0
FLAG_DOCUMENT_17,0.0
FLAG_DOCUMENT_19,0.0
FLAG_DOCUMENT_15,0.0
FLAG_DOCUMENT_14,0.0
EMPLOYED_ANOMALY,0.0
HIGH_DEBT_FLAG,0.0
YOUNG_FLAG,0.0
LATE_PAYMENT_FLAG,0.0
